{
  "project_info": {
    "project_number": "695971917707",
    "project_id": "login-72fac",
    "storage_bucket": "login-72fac.firebasestorage.app"
  },
  "client": [
    {
      "client_info": {
        "mobilesdk_app_id": "1:695971917707:android:89e6736fbf0c486e65898e",
        "android_client_info": {
          "package_name": "com.example.login"
        }
      },
      "oauth_client": [],
      "api_key": [
        {
          "current_key": "AIzaSyAi_lseTQMUcltXXeGbSETicsoFzFbfAKE"
        }
      ],
      "services": {
        "appinvite_service": {
          "other_platform_oauth_client": []
        }
      }
    }
  ],
  "configuration_version": "1"
}